age,sex,height,weight,ethnicity,activity_level,dietary_preference,smoke_cig,mental_health,sleep_hrs,health_condition,diet_condition,poor_appetite_overeating
18,Male,60.96,9.072,Hispanic,Sedentary,Vegan,Yes,Not at all,2.0,Excellent,Excellent,Not at all
18,Male,60.96,9.072,Hispanic,Sedentary,Vegan,Yes,Not at all,2.0,Excellent,Excellent,Occasionally these days
18,Male,60.96,9.072,Hispanic,Sedentary,Vegan,Yes,Not at all,2.0,Excellent,Excellent,Not at all
18,Male,60.96,9.072,Hispanic,Sedentary,Vegan,Yes,Not at all,2.0,Excellent,Excellent,Not at all
18,Male,60.96,9.072,Hispanic,Sedentary,Vegan,Yes,Not at all,2.0,Excellent,Excellent,Not at all
18,Male,60.96,9.072,Hispanic,Sedentary,Vegan,Yes,Not at all,2.0,Excellent,Excellent,Not at all
18,Male,60.96,9.072,Hispanic,Sedentary,Vegan,Yes,Not at all,2.0,Excellent,Excellent,Not at all
18,Male,60.96,9.072,Hispanic,Sedentary,Vegan,Yes,Not at all,2.0,Excellent,Excellent,Not at all
18,Male,60.96,9.072,Hispanic,Sedentary,Vegan,Yes,Not at all,2.0,Excellent,Excellent,Not at all
18,Male,60.96,9.072,Hispanic,Sedentary,Vegan,Yes,Not at all,2.0,Excellent,Excellent,Not at all
18,Male,60.96,9.072,Hispanic,Sedentary,Vegan,Yes,Not at all,2.0,Excellent,Excellent,Not at all
18,Male,60.96,9.072,Hispanic,Sedentary,Vegan,Yes,Not at all,2.0,Excellent,Excellent,Not at all
18,Male,60.96,9.072,Hispanic,Sedentary,Vegan,Yes,Not at all,2.0,Excellent,Excellent,Not at all
18,Male,60.96,9.072,Hispanic,Sedentary,Vegan,Yes,Not at all,2.0,Excellent,Excellent,Not at all
18,Male,60.96,9.072,Hispanic,Sedentary,Vegan,Yes,Not at all,2.0,Excellent,Excellent,Not at all
18,Male,60.96,9.072,Hispanic,Sedentary,Vegan,Yes,Not at all,2.0,Excellent,Excellent,Not at all
18,Male,60.96,9.072,Hispanic,Sedentary,Vegan,Yes,Not at all,2.0,Excellent,Excellent,Not at all
18,Male,60.96,9.072,Hispanic,Sedentary,Vegan,Yes,Not at all,2.0,Excellent,Excellent,Not at all
18,Male,160.02,90.72,Hispanic,Sedentary,Vegan,Yes,Not at all,2.0,Excellent,Excellent,Not at all
18,Male,60.96,9.072,Hispanic,Sedentary,Vegan,Yes,Not at all,2.0,Excellent,Excellent,Not at all
18,Male,160.02,90.72,Hispanic,Sedentary,Vegan,Yes,Not at all,2.0,Excellent,Excellent,Not at all
18,Male,160.02,90.72,Hispanic,Sedentary,Vegan,Yes,Not at all,2.0,Excellent,Excellent,Not at all
18,Male,160.02,90.72,Hispanic,Sedentary,Vegan,Yes,Not at all,2.0,Excellent,Excellent,Not at all
18,Male,160.02,90.72,Hispanic,Sedentary,Vegan,Yes,Not at all,2.0,Excellent,Excellent,Not at all
22,Female,168.9862,61.998048000000004,Non-Hispanic Asian,Moderately Active,Vegetarian,No,Occasionally these days,8.0,Very good,Very good,Not at all
22,Female,170.18,61.998048000000004,Non-Hispanic Asian,Moderately Active,Vegetarian,No,Occasionally these days,8.0,Very good,Very good,Not at all
24,Female,160.02,52.164,Non-Hispanic Asian,Moderately Active,Vegetarian,No,Occasionally these days,7.0,Very good,Very good,Not at all
22,Female,170.18,61.998048000000004,Non-Hispanic Asian,Moderately Active,Vegetarian,No,Occasionally these days,7.0,Very good,Very good,Not at all
18,Male,60.96,9.072,Hispanic,Sedentary,Vegan,Yes,Not at all,2.0,Excellent,Excellent,Not at all
18,Male,60.96,9.072,Hispanic,Sedentary,Vegan,Yes,Not at all,2.0,Excellent,Excellent,Not at all
18,Male,60.96,9.072,Hispanic,Sedentary,Vegan,Yes,Not at all,2.0,Excellent,Excellent,Not at all
18,Male,121.97080000000001,9.9792,Hispanic,Sedentary,Vegan,Yes,Not at all,4.0,Excellent,Excellent,Not at all
18,Male,60.96,9.072,Hispanic,Sedentary,Vegan,Yes,Not at all,2.0,Excellent,Excellent,Not at all
18,Male,60.96,9.072,Hispanic,Sedentary,Vegan,Yes,Not at all,2.0,Excellent,Excellent,Not at all
18,Male,60.96,9.072,Non-Hispanic Multiracial,Sedentary,Non Vegetarian,Yes,Not at all,2.0,Excellent,Excellent,Not at all
18,Male,60.96,9.072,Hispanic,Sedentary,Vegan,Yes,Not at all,2.0,Excellent,Excellent,Not at all
18,Male,60.96,9.072,Hispanic,Sedentary,Vegan,Yes,Frequently these days,2.0,Excellent,Excellent,Not at all
18,Male,60.96,9.072,Hispanic,Sedentary,Vegan,Yes,Not at all,2.0,Excellent,Excellent,Not at all
80,Male,60.96,9.072,Hispanic,Sedentary,Vegan,Yes,Not at all,2.0,Excellent,Excellent,Not at all
18,Male,60.96,9.072,Hispanic,Sedentary,Vegan,Yes,Not at all,2.0,Excellent,Excellent,Not at all
18,Male,60.96,9.072,Hispanic,Sedentary,Vegan,Yes,Not at all,2.0,Excellent,Excellent,Not at all
18,Male,60.96,9.072,Hispanic,Sedentary,Vegetarian,Yes,Not at all,2.0,Excellent,Excellent,Not at all
18,Male,60.96,9.072,Hispanic,Sedentary,Vegan,No,Not at all,2.0,Excellent,Excellent,Not at all
18,Male,60.96,9.072,Hispanic,Sedentary,Vegan,No,Not at all,2.0,Excellent,Excellent,Not at all
18,Male,60.96,9.072,Hispanic,Sedentary,Vegan,No,Not at all,2.0,Excellent,Excellent,Not at all
18,Male,60.96,9.072,Hispanic,Sedentary,Vegan,No,Not at all,2.0,Excellent,Excellent,Not at all
18,Male,60.96,9.072,Hispanic,Sedentary,Vegan,No,Not at all,2.0,Excellent,Excellent,Not at all
18,Male,60.96,9.072,Hispanic,Sedentary,Vegan,No,Not at all,2.0,Excellent,Excellent,Not at all
18,Male,60.96,9.072,Hispanic,Sedentary,Vegan,No,Not at all,2.0,Excellent,Excellent,Not at all
18,Male,60.96,9.072,Hispanic,Sedentary,Vegan,No,Not at all,2.0,Excellent,Excellent,Not at all
18,Male,60.96,9.072,Hispanic,Sedentary,Vegan,No,Not at all,2.0,Excellent,Excellent,Not at all
18,Male,60.96,9.072,Hispanic,Sedentary,Vegan,No,Not at all,2.0,Excellent,Excellent,Not at all
18,Male,60.96,9.072,Hispanic,Sedentary,Vegan,No,Not at all,2.0,Excellent,Excellent,Not at all
18,Male,60.96,9.072,Hispanic,Sedentary,Vegan,No,Not at all,2.0,Excellent,Excellent,Not at all
18,Male,60.96,9.072,Hispanic,Sedentary,Vegan,No,Not at all,2.0,Excellent,Excellent,Not at all
18,Male,60.96,9.072,Hispanic,Sedentary,Vegan,No,Not at all,2.0,Excellent,Excellent,Not at all
18,Male,60.96,9.072,Hispanic,Sedentary,Vegan,No,Not at all,2.0,Excellent,Excellent,Not at all
18,Male,60.96,9.072,Hispanic,Sedentary,Vegan,No,Not at all,2.0,Excellent,Excellent,Not at all
18,Male,60.96,9.072,Hispanic,Sedentary,Vegan,No,Not at all,2.0,Excellent,Excellent,Not at all
18,Male,60.96,9.072,Hispanic,Sedentary,Vegan,No,Not at all,2.0,Excellent,Excellent,Not at all
18,Male,60.96,9.072,Hispanic,Sedentary,Vegan,No,Not at all,2.0,Excellent,Excellent,Not at all
18,Male,60.96,9.072,Hispanic,Sedentary,Vegan,No,Not at all,2.0,Excellent,Excellent,Not at all
18,Male,60.96,9.072,Hispanic,Sedentary,Vegan,No,Not at all,2.0,Excellent,Excellent,Not at all
18,Male,60.96,9.072,Hispanic,Sedentary,Vegan,No,Not at all,2.0,Excellent,Excellent,Not at all
18,Male,60.96,9.072,Hispanic,Sedentary,Vegan,No,Not at all,2.0,Excellent,Excellent,Not at all
18,Male,60.96,9.072,Hispanic,Sedentary,Vegan,No,Not at all,2.0,Excellent,Excellent,Not at all
18,Male,60.96,9.072,Hispanic,Sedentary,Vegan,No,Not at all,2.0,Excellent,Excellent,Not at all
18,Male,60.96,9.072,Hispanic,Sedentary,Vegan,No,Not at all,2.0,Excellent,Excellent,Not at all
18,Male,60.96,9.072,Hispanic,Sedentary,Vegan,No,Not at all,2.0,Excellent,Excellent,Not at all
18,Male,60.96,9.072,Hispanic,Sedentary,Vegan,No,Not at all,2.0,Excellent,Excellent,Not at all
18,Male,60.96,9.072,Hispanic,Sedentary,Vegan,No,Not at all,2.0,Excellent,Excellent,Not at all
18,Male,60.96,9.072,Hispanic,Sedentary,Vegan,No,Not at all,2.0,Excellent,Excellent,Not at all
18,Male,60.96,9.072,Hispanic,Sedentary,Vegan,No,Not at all,2.0,Excellent,Excellent,Not at all
18,Male,60.96,9.072,Hispanic,Sedentary,Vegan,No,Not at all,2.0,Excellent,Excellent,Not at all
18,Male,60.96,9.072,Hispanic,Sedentary,Vegan,No,Not at all,2.0,Excellent,Excellent,Not at all
18,Male,60.96,9.072,Hispanic,Sedentary,Vegan,No,Not at all,2.0,Excellent,Excellent,Not at all
18,Male,60.96,9.072,Hispanic,Sedentary,Vegan,No,Not at all,2.0,Excellent,Excellent,Not at all
18,Male,60.96,9.072,Hispanic,Sedentary,Vegan,No,Not at all,2.0,Excellent,Excellent,Not at all
18,Male,60.96,9.072,Hispanic,Sedentary,Vegan,No,Not at all,2.0,Excellent,Excellent,Not at all
18,Male,60.96,9.072,Hispanic,Sedentary,Vegan,No,Not at all,2.0,Excellent,Excellent,Not at all
18,Male,60.96,9.072,Hispanic,Sedentary,Vegan,No,Not at all,2.0,Excellent,Excellent,Not at all
18,Male,60.96,9.072,Hispanic,Sedentary,Vegan,No,Not at all,2.0,Excellent,Excellent,Not at all
18,Male,60.96,9.072,Hispanic,Sedentary,Vegan,No,Not at all,2.0,Excellent,Excellent,Not at all
18,Male,60.96,9.072,Hispanic,Sedentary,Vegan,No,Not at all,2.0,Excellent,Excellent,Not at all
18,Male,60.96,9.072,Hispanic,Sedentary,Vegan,No,Not at all,2.0,Excellent,Excellent,Not at all
18,Male,60.96,9.072,Hispanic,Sedentary,Vegan,No,Not at all,2.0,Excellent,Excellent,Not at all
18,Male,60.96,9.072,Hispanic,Sedentary,Vegan,No,Not at all,2.0,Excellent,Excellent,Not at all
18,Male,60.96,9.072,Hispanic,Sedentary,Vegan,No,Not at all,2.0,Excellent,Excellent,Not at all
18,Male,60.96,9.072,Hispanic,Sedentary,Vegan,No,Not at all,2.0,Excellent,Excellent,Not at all
18,Male,60.96,9.072,Hispanic,Sedentary,Vegan,No,Not at all,2.0,Excellent,Excellent,Not at all
18,Male,60.96,9.072,Hispanic,Sedentary,Vegan,No,Not at all,2.0,Excellent,Excellent,Not at all
22,Female,170.18,62.1432,Non-Hispanic Asian,Moderately Active,Vegetarian,No,Occasionally these days,7.0,Very good,Very good,Not at all
18,Male,60.96,9.072,Hispanic,Sedentary,Vegan,No,Not at all,2.0,Excellent,Excellent,Not at all
18,Male,60.96,9.072,Hispanic,Extra Active,Vegan,No,Not at all,2.0,Excellent,Excellent,Not at all
18,Male,160.02,52.164,Hispanic,Sedentary,Vegan,No,Not at all,2.0,Excellent,Excellent,Not at all
18,Male,60.96,9.072,Hispanic,Sedentary,Vegan,No,Not at all,2.0,Excellent,Excellent,Not at all
18,Male,60.96,52.164,Hispanic,Sedentary,Vegan,No,Not at all,2.0,Excellent,Excellent,Not at all
18,Male,60.96,9.072,Hispanic,Sedentary,Vegan,No,Not at all,2.0,Excellent,Excellent,Not at all
18,Male,60.96,52.164,Hispanic,Sedentary,Vegan,No,Not at all,2.0,Excellent,Excellent,Not at all
18,Male,60.96,54.432,Hispanic,Sedentary,Vegan,No,Not at all,2.0,Excellent,Excellent,Not at all
18,Male,60.96,54.432,Hispanic,Sedentary,Vegan,No,Not at all,2.0,Excellent,Excellent,Not at all
18,Male,162.56,54.432,Hispanic,Sedentary,Vegan,No,Not at all,2.0,Excellent,Excellent,Not at all
25,Male,177.8,72.576,Hispanic,Moderately Active,Vegan,No,Occasionally these days,3.0,Good,Good,Not at all
18,Male,60.96,9.072,Hispanic,Sedentary,Vegan,No,Not at all,2.0,Excellent,Excellent,Not at all
18,Male,60.96,9.072,Hispanic,Sedentary,Vegan,No,Not at all,2.0,Excellent,Excellent,Not at all
18,Male,60.96,9.072,Hispanic,Sedentary,Vegan,No,Not at all,2.0,Excellent,Excellent,Not at all
18,Male,60.96,9.072,Hispanic,Sedentary,Vegan,No,Not at all,2.0,Excellent,Excellent,Not at all
18,Male,60.96,9.072,Hispanic,Sedentary,Vegan,No,Not at all,2.0,Excellent,Excellent,Not at all
18,Male,60.96,9.072,Hispanic,Sedentary,Vegan,No,Not at all,2.0,Excellent,Excellent,Not at all
18,Male,60.96,9.072,Hispanic,Sedentary,Vegan,No,Not at all,2.0,Excellent,Excellent,Not at all
18,Male,60.96,9.072,Hispanic,Sedentary,Vegan,No,Not at all,2.0,Excellent,Excellent,Not at all
18,Male,60.96,9.072,Hispanic,Sedentary,Vegan,No,Not at all,2.0,Excellent,Excellent,Not at all
18,Male,60.96,9.072,Hispanic,Sedentary,Vegan,No,Not at all,2.0,Excellent,Excellent,Not at all
18,Male,60.96,9.072,Hispanic,Sedentary,Vegan,No,Not at all,2.0,Excellent,Excellent,Not at all
18,Male,60.96,9.072,Hispanic,Sedentary,Vegan,No,Not at all,2.0,Excellent,Excellent,Not at all
18,Male,60.96,9.072,Hispanic,Sedentary,Vegan,No,Not at all,2.0,Excellent,Excellent,Not at all
18,Male,60.96,9.072,Hispanic,Sedentary,Vegan,No,Not at all,2.0,Excellent,Excellent,Not at all
18,Male,60.96,9.072,Hispanic,Sedentary,Vegan,No,Not at all,2.0,Excellent,Excellent,Not at all
18,Male,60.96,9.072,Hispanic,Sedentary,Vegan,No,Not at all,2.0,Excellent,Excellent,Not at all
18,Male,60.96,9.072,Hispanic,Sedentary,Vegan,No,Not at all,2.0,Excellent,Excellent,Not at all
18,Male,60.96,9.072,Hispanic,Sedentary,Vegan,No,Not at all,2.0,Excellent,Excellent,Not at all
18,Male,60.96,9.072,Hispanic,Sedentary,Vegan,No,Not at all,2.0,Excellent,Excellent,Not at all
18,Male,60.96,9.072,Hispanic,Sedentary,Vegan,No,Not at all,2.0,Excellent,Excellent,Not at all
18,Male,60.96,9.072,Hispanic,Sedentary,Vegan,No,Not at all,2.0,Excellent,Excellent,Not at all
18,Male,60.96,9.072,Hispanic,Sedentary,Vegan,No,Not at all,2.0,Excellent,Excellent,Not at all
18,Male,60.96,9.072,Hispanic,Sedentary,Vegan,No,Not at all,2.0,Excellent,Excellent,Not at all
18,Male,60.96,9.072,Hispanic,Sedentary,Vegan,No,Not at all,2.0,Excellent,Excellent,Not at all
18,Male,60.96,9.072,Hispanic,Sedentary,Vegan,No,Not at all,2.0,Excellent,Excellent,Not at all
18,Male,60.96,9.072,Hispanic,Sedentary,Vegan,No,Not at all,2.0,Excellent,Excellent,Not at all
18,Male,60.96,9.072,Hispanic,Sedentary,Vegan,No,Not at all,2.0,Excellent,Excellent,Not at all
18,Male,60.96,9.072,Hispanic,Sedentary,Vegan,No,Not at all,2.0,Excellent,Excellent,Not at all
18,Male,60.96,9.072,Hispanic,Sedentary,Vegan,No,Not at all,2.0,Excellent,Excellent,Not at all
18,Male,60.96,9.072,Hispanic,Sedentary,Vegan,No,Not at all,2.0,Excellent,Excellent,Not at all
18,Male,60.96,9.072,Hispanic,Sedentary,Vegan,No,Not at all,2.0,Excellent,Excellent,Not at all
18,Male,60.96,9.072,Hispanic,Sedentary,Vegan,No,Not at all,2.0,Excellent,Excellent,Not at all
18,Male,60.96,9.072,Hispanic,Sedentary,Vegan,No,Not at all,2.0,Excellent,Excellent,Not at all
18,Male,60.96,9.072,Hispanic,Sedentary,Vegan,No,Not at all,2.0,Excellent,Excellent,Not at all
18,Male,60.96,9.072,Hispanic,Sedentary,Vegan,No,Not at all,2.0,Excellent,Excellent,Not at all
18,Male,60.96,9.072,Hispanic,Sedentary,Vegan,No,Not at all,2.0,Excellent,Excellent,Not at all
18,Male,60.96,9.072,Hispanic,Sedentary,Vegan,No,Not at all,2.0,Excellent,Excellent,Not at all
18,Male,60.96,9.072,Hispanic,Sedentary,Vegan,No,Not at all,2.0,Excellent,Excellent,Not at all
18,Male,60.96,9.072,Hispanic,Sedentary,Vegan,No,Not at all,2.0,Excellent,Excellent,Not at all
18,Male,60.96,9.072,Hispanic,Sedentary,Vegan,No,Not at all,2.0,Excellent,Excellent,Not at all
18,Male,60.96,9.072,Hispanic,Sedentary,Vegan,No,Not at all,2.0,Excellent,Excellent,Not at all
18,Male,60.96,9.072,Hispanic,Sedentary,Vegan,No,Not at all,2.0,Excellent,Excellent,Not at all
18,Male,60.96,9.072,Hispanic,Sedentary,Vegan,No,Not at all,2.0,Excellent,Excellent,Not at all
18,Male,60.96,9.072,Hispanic,Sedentary,Vegan,No,Not at all,2.0,Excellent,Excellent,Not at all
18,Male,60.96,9.072,Hispanic,Sedentary,Vegan,No,Not at all,2.0,Excellent,Excellent,Not at all
18,Male,60.96,9.072,Hispanic,Sedentary,Vegan,No,Not at all,2.0,Excellent,Excellent,Not at all
18,Male,60.96,9.072,Hispanic,Sedentary,Vegan,No,Not at all,2.0,Excellent,Excellent,Not at all
18,Male,60.96,9.072,Hispanic,Sedentary,Vegan,No,Not at all,2.0,Excellent,Excellent,Not at all
18,Male,60.96,9.072,Hispanic,Sedentary,Vegan,No,Not at all,2.0,Excellent,Excellent,Not at all
18,Male,60.96,9.072,Hispanic,Sedentary,Vegan,No,Not at all,2.0,Excellent,Excellent,Not at all
18,Male,60.96,9.072,Hispanic,Sedentary,Vegan,No,Not at all,2.0,Excellent,Excellent,Not at all
18,Male,60.96,9.072,Hispanic,Sedentary,Vegan,No,Not at all,2.0,Excellent,Excellent,Not at all
18,Male,60.96,9.072,Hispanic,Sedentary,Vegan,No,Not at all,2.0,Excellent,Excellent,Not at all
18,Male,60.96,9.072,Hispanic,Sedentary,Vegan,No,Not at all,2.0,Excellent,Excellent,Not at all
18,Male,60.96,9.072,Hispanic,Sedentary,Vegan,No,Not at all,2.0,Excellent,Excellent,Not at all
18,Male,60.96,9.072,Hispanic,Sedentary,Vegan,No,Not at all,2.0,Excellent,Excellent,Not at all
18,Male,60.96,9.072,Hispanic,Sedentary,Vegan,No,Not at all,2.0,Excellent,Excellent,Not at all
18,Male,60.96,9.072,Hispanic,Sedentary,Vegan,No,Not at all,2.0,Excellent,Excellent,Not at all
18,Male,60.96,9.072,Hispanic,Sedentary,Vegan,No,Not at all,2.0,Excellent,Excellent,Not at all
18,Male,60.96,9.072,Hispanic,Sedentary,Vegan,No,Not at all,2.0,Excellent,Excellent,Not at all
18,Male,60.96,9.072,Hispanic,Sedentary,Vegan,No,Not at all,2.0,Excellent,Excellent,Not at all
18,Male,60.96,9.072,Hispanic,Sedentary,Vegan,No,Not at all,2.0,Excellent,Excellent,Not at all
18,Male,60.96,9.072,Hispanic,Sedentary,Vegan,No,Not at all,2.0,Excellent,Excellent,Not at all
18,Male,60.96,9.072,Hispanic,Sedentary,Vegan,No,Not at all,2.0,Excellent,Excellent,Not at all
18,Male,60.96,9.072,Hispanic,Sedentary,Vegan,No,Not at all,2.0,Excellent,Excellent,Not at all
18,Male,60.96,9.072,Hispanic,Sedentary,Vegan,No,Not at all,2.0,Excellent,Excellent,Not at all
18,Male,60.96,9.072,Hispanic,Sedentary,Vegan,No,Not at all,2.0,Excellent,Excellent,Not at all
18,Male,60.96,9.072,Hispanic,Sedentary,Vegan,No,Not at all,2.0,Excellent,Excellent,Not at all
18,Male,60.96,9.072,Hispanic,Sedentary,Vegan,No,Not at all,2.0,Excellent,Excellent,Not at all
18,Male,60.96,9.072,Hispanic,Sedentary,No,Not at all,2.0,Excellent,Excellent,Not at all
18,Male,60.96,9.072,Hispanic,Sedentary,No,Not at all,2.0,Excellent,Excellent,Not at all
24,Female,160.02,52.164,Non-Hispanic Asian,Moderately Active,No,Occasionally these days,7.0,Very good,Very good,Not at all
18,Male,60.96,9.072,Hispanic,Sedentary,No,Not at all,2.0,Excellent,Excellent,Not at all
18,Male,24.0,20.0,Hispanic,Sedentary,No,Not at all,2.0,Excellent,Excellent,Not at all
18,Male,24.0,20.0,Hispanic,Sedentary,No,Not at all,2.0,Excellent,Excellent,Not at all
18,Male,24.0,20.0,Hispanic,Sedentary,No,Not at all,2.0,Excellent,Excellent,Not at all
24,Female,63.0,117.0,Non-Hispanic Asian,Moderately Active,No,Occasionally these days,7.0,Very good,Very good,Not at all
78,Female,63.0,145.0,Non-Hispanic White,Minimally Active,Yes,Frequently these days,5.0,Good,Good,Occasionally these days
18,Male,24.0,120.0,Hispanic,Sedentary,No,Not at all,2.0,Excellent,Excellent,Not at all
18,Male,24.0,20.0,Hispanic,Sedentary,No,Not at all,2.0,Excellent,Excellent,Not at all
18,Male,24.0,140.0,Hispanic,Sedentary,No,Not at all,2.0,Excellent,Excellent,Not at all
18,Male,24.0,20.0,Hispanic,Sedentary,No,Not at all,2.0,Excellent,Excellent,Not at all
24,Female,63.0,116.0,Non-Hispanic Asian,Moderately Active,No,Occasionally these days,7.0,Very good,Very good,Not at all
18,Male,24.0,20.0,Hispanic,Sedentary,No,Not at all,2.0,Excellent,Excellent,Not at all
18,Male,24.0,20.0,Hispanic,Sedentary,No,Not at all,2.0,Excellent,Excellent,Not at all
18,Male,24.0,20.0,Hispanic,Sedentary,No,Not at all,2.0,Excellent,Excellent,Not at all
18,Male,24.0,20.0,Hispanic,Sedentary,No,Not at all,2.0,Excellent,Excellent,Not at all
18,Male,24.0,20.0,Hispanic,Sedentary,No,Not at all,2.0,Excellent,Excellent,Not at all
18,Male,24.0,20.0,Hispanic,Sedentary,No,Not at all,2.0,Excellent,Excellent,Not at all
18,Male,24.0,20.0,Hispanic,Sedentary,No,Not at all,2.0,Excellent,Excellent,Not at all
18,Male,24.0,20.0,Hispanic,Sedentary,No,Not at all,2.0,Excellent,Excellent,Not at all
18,Male,24.0,20.0,Hispanic,Sedentary,No,Not at all,2.0,Excellent,Excellent,Not at all
18,Male,24.0,20.0,Hispanic,Sedentary,No,Not at all,2.0,Excellent,Excellent,Not at all
18,Male,24.0,20.0,Hispanic,Sedentary,No,Not at all,2.0,Excellent,Excellent,Not at all
18,Male,24.0,20.0,Hispanic,Sedentary,No,Not at all,2.0,Excellent,Excellent,Not at all
18,Male,24.0,20.0,Hispanic,Sedentary,No,Not at all,2.0,Excellent,Excellent,Not at all
18,Male,24.0,20.0,Hispanic,Sedentary,No,Not at all,2.0,Excellent,Excellent,Not at all
18,Male,24.0,20.0,Hispanic,Sedentary,No,Not at all,2.0,Excellent,Excellent,Not at all
18,Male,24.0,20.0,Hispanic,Sedentary,No,Not at all,2.0,Excellent,Excellent,Not at all
18,Male,24.0,20.0,Hispanic,Sedentary,No,Not at all,2.0,Excellent,Excellent,Not at all
18,Male,24.0,20.0,Hispanic,Sedentary,No,Not at all,2.0,Excellent,Excellent,Not at all
18,Male,24.0,20.0,Hispanic,Sedentary,No,Not at all,2.0,Excellent,Excellent,Not at all
18,Male,24.0,20.0,Hispanic,Sedentary,No,Not at all,2.0,Excellent,Excellent,Not at all
18,Male,24.0,20.0,Hispanic,Sedentary,No,Not at all,2.0,Excellent,Excellent,Not at all
18,Male,24.0,20.0,Hispanic,Sedentary,No,Not at all,2.0,Excellent,Excellent,Not at all
18,Male,24.0,20.0,Hispanic,Sedentary,No,Not at all,2.0,Excellent,Excellent,Not at all
18,Male,24.0,20.0,Hispanic,Sedentary,No,Not at all,2.0,Excellent,Excellent,Not at all
18,Male,24.0,20.0,Hispanic,Sedentary,No,Not at all,2.0,Excellent,Excellent,Not at all
18,Male,24.0,20.0,Hispanic,Sedentary,No,Not at all,2.0,Excellent,Excellent,Not at all
18,Male,24.0,20.0,Hispanic,Sedentary,No,Not at all,2.0,Excellent,Excellent,Not at all
22,Male,84.0,20.0,Hispanic,Sedentary,No,Frequently these days,8.0,Excellent,Excellent,Not at all
18,Male,24.0,20.0,Hispanic,Sedentary,No,Not at all,2.0,Excellent,Excellent,Not at all
18,Male,24.0,20.0,Hispanic,Sedentary,No,Not at all,2.0,Excellent,Excellent,Not at all
26,Male,24.0,20.0,Hispanic,Sedentary,No,Not at all,2.0,Excellent,Excellent,Not at all
18,Male,24.0,20.0,Hispanic,Sedentary,No,Not at all,2.0,Excellent,Excellent,Not at all
18,Male,24.0,20.0,Hispanic,Sedentary,No,Not at all,2.0,Excellent,Excellent,Not at all
18,Male,24.0,20.0,Hispanic,Sedentary,No,Not at all,2.0,Excellent,Excellent,Not at all
18,Male,24.0,20.0,Hispanic,Sedentary,No,Not at all,2.0,Excellent,Excellent,Not at all
18,Male,24.0,200.0,Hispanic,Sedentary,No,Not at all,2.0,Excellent,Excellent,Not at all
18,Male,24.0,20.0,Hispanic,Sedentary,No,Not at all,2.0,Excellent,Excellent,Not at all
18,Male,24.0,20.0,Hispanic,Sedentary,No,Not at all,2.0,Excellent,Excellent,Not at all
18,Male,24.0,20.0,Hispanic,Sedentary,No,Not at all,2.0,Excellent,Excellent,Not at all
18,Male,24.0,20.0,Hispanic,Sedentary,No,Not at all,2.0,Excellent,Excellent,Not at all
18,Male,24.0,20.0,Hispanic,Sedentary,No,Not at all,2.0,Excellent,Excellent,Not at all
18,Male,24.0,20.0,Hispanic,Sedentary,No,Not at all,2.0,Excellent,Excellent,Not at all
18,Male,24.0,20.0,Hispanic,Sedentary,No,Not at all,2.0,Excellent,Excellent,Not at all
18,Male,24.0,20.0,Hispanic,Sedentary,No,Not at all,2.0,Excellent,Excellent,Not at all
18,Male,24.0,20.0,Hispanic,Sedentary,No,Not at all,2.0,Excellent,Excellent,Not at all
18,Male,24.0,20.0,Hispanic,Sedentary,No,Not at all,2.0,Excellent,Excellent,Not at all
18,Male,24.0,20.0,Hispanic,Sedentary,No,Not at all,2.0,Excellent,Excellent,Not at all
18,Male,24.0,20.0,Hispanic,Sedentary,No,Not at all,2.0,Excellent,Excellent,Not at all
18,Male,24.0,20.0,Hispanic,Sedentary,No,Not at all,2.0,Excellent,Excellent,Not at all
18,Male,24.0,20.0,Hispanic,Sedentary,No,Not at all,2.0,Excellent,Excellent,Not at all
18,Male,24.0,20.0,Hispanic,Sedentary,No,Not at all,2.0,Excellent,Excellent,Not at all
18,Male,24.0,20.0,Hispanic,Sedentary,No,Not at all,2.0,Excellent,Excellent,Not at all
18,Male,24.0,20.0,Hispanic,Sedentary,No,Not at all,2.0,Excellent,Excellent,Not at all
18,Male,24.0,20.0,Hispanic,Sedentary,No,Not at all,2.0,Excellent,Excellent,Not at all
18,Male,24.0,20.0,Hispanic,Sedentary,No,Not at all,2.0,Excellent,Excellent,Not at all
18,Male,24.0,20.0,Hispanic,Sedentary,No,Not at all,2.0,Excellent,Excellent,Not at all
18,Male,24.0,20.0,Hispanic,Sedentary,No,Not at all,2.0,Excellent,Excellent,Not at all
18,Male,24.0,20.0,Hispanic,Sedentary,No,Not at all,2.0,Excellent,Excellent,Not at all
18,Male,24.0,20.0,Hispanic,Sedentary,No,Not at all,2.0,Excellent,Excellent,Not at all
18,Male,24.0,20.0,Hispanic,Sedentary,No,Not at all,2.0,Excellent,Excellent,Not at all
18,Male,24.0,20.0,Hispanic,Sedentary,No,Not at all,2.0,Excellent,Excellent,Not at all
18,Male,24.0,20.0,Hispanic,Sedentary,No,Not at all,2.0,Excellent,Excellent,Not at all
18,Male,24.0,20.0,Hispanic,Sedentary,No,Not at all,2.0,Excellent,Excellent,Not at all
18,Male,24.0,20.0,Hispanic,Sedentary,No,Not at all,2.0,Excellent,Excellent,Not at all
18,Male,24.0,20.0,Hispanic,Sedentary,No,Not at all,2.0,Excellent,Excellent,Not at all
18,Male,24.0,20.0,Hispanic,Sedentary,No,Not at all,2.0,Excellent,Excellent,Not at all
18,Male,24.0,20.0,Hispanic,Sedentary,No,Not at all,2.0,Excellent,Excellent,Not at all
18,Male,24.0,20.0,Hispanic,Sedentary,No,Not at all,2.0,Excellent,Excellent,Not at all
18,Male,24.0,20.0,Hispanic,Sedentary,No,Not at all,2.0,Excellent,Excellent,Not at all
18,Male,24.0,20.0,Hispanic,Sedentary,No,Not at all,2.0,Excellent,Excellent,Not at all
